FECHA,30,90,180,360,1080,1800,2520,3600,5400,7200,9000,10800
29/10/2010,0.04006514,0.04317229,0.04473129,0.04387306,0.05038101,0.05449274,0.05725231,0.06050558,0.06418354,0.06804277,0.06977658,0.07083601
30/11/2010,0.04398600,0.04546886,0.04614971,0.04519807,0.05448000,0.06063348,0.06359054,0.06754207,0.07043297,0.07528653,0.07695153,0.07839935
31/12/2010,0.04496432,0.04610271,0.04695357,0.04533528,0.05689345,0.06348791,0.06581346,0.06959760,0.07271591,0.07655056,0.07807112,0.07919163
31/01/2011,0.04116239,0.04323657,0.04555271,0.04675590,0.05870301,0.06483377,0.06788185,0.07260818,0.07656946,0.08005909,0.08173053,0.08249726
28/02/2011,0.04326261,0.04325286,0.04548986,0.04707385,0.05962135,0.06783186,0.07110239,0.07506030,0.07881644,0.08228631,0.08355976,0.08417956
31/03/2011,0.04344457,0.04471271,0.04597257,0.04828829,0.06309874,0.06916225,0.07172492,0.07555467,0.07962881,0.08327378,0.08516519,0.08571990
29/04/2011,0.04300389,0.04456271,0.04599386,0.04798456,0.05872354,0.06507124,0.06805315,0.07187929,0.07582599,0.07897385,0.08062253,0.08116124
31/05/2011,0.04460504,0.04474914,0.04525429,0.04710870,0.05605786,0.06204463,0.06468885,0.06854860,0.07240362,0.07595290,0.07789779,0.07847495
30/06/2011,0.04369954,0.04359914,0.04530571,0.04687168,0.05572959,0.06193168,0.06522339,0.06934098,0.07374196,0.07780376,0.08005015,0.08066397
29/07/2011,0.04080932,0.04230171,0.04447000,0.04579515,0.05231518,0.05813466,0.06089215,0.06540786,0.06950315,0.07359768,0.07593466,0.07716003
31/08/2011,0.04163246,0.04384271,0.04339700,0.04340391,0.04679889,0.04968825,0.05428054,0.06025229,0.06552426,0.07088307,0.07438521,0.07508644
30/09/2011,0.04379971,0.04365271,0.04441157,0.04472275,0.04934451,0.05352199,0.05850285,0.06531989,0.07029246,0.07536747,0.07775411,0.07794233
31/10/2011,0.04403882,0.04414414,0.04413986,0.04366114,0.04719543,0.05041080,0.05559962,0.06165737,0.06712566,0.07271980,0.07560223,0.07564703
30/11/2011,0.04368868,0.04365386,0.04364529,0.04449914,0.04705214,0.05140168,0.05571669,0.06185357,0.06794504,0.07300182,0.07575218,0.07588369
30/12/2011,0.04360129,0.04515786,0.04552243,0.04667567,0.05118097,0.05602936,0.05921723,0.06443515,0.06938699,0.07456333,0.07775474,0.07773767
31/01/2012,0.04284239,0.04422443,0.04504957,0.04568402,0.04765931,0.05048636,0.05411754,0.05921737,0.06457695,0.06973779,0.07331942,0.07340140
29/02/2012,0.04343975,0.04432786,0.04485414,0.04539415,0.04964512,0.05312786,0.05664954,0.06241885,0.06813344,0.07308064,0.07669157,0.07650303
30/03/2012,0.04409836,0.04456100,0.04514271,0.04548140,0.04907499,0.05311588,0.05653277,0.06229817,0.06762386,0.07221865,0.07533295,0.07543569
30/04/2012,0.04348150,0.04362186,0.04488714,0.04564721,0.04841991,0.05218875,0.05547062,0.06124390,0.06658970,0.07100315,0.07383225,0.07365647
30/05/2012,0.04493657,0.04486757,0.04510557,0.04522519,0.04751465,0.05081308,0.05374654,0.05985920,0.06568376,0.07070836,0.07368811,0.07382118
29/06/2012,0.04300050,0.04412786,0.04472000,0.04575299,0.04698148,0.04868478,0.05027762,0.05377402,0.06002932,0.06491009,0.06723425,0.06740185
31/07/2012,0.04118193,0.04381229,0.04529829,0.04522365,0.04656839,0.04827054,0.04959339,0.05180940,0.05698241,0.06103985,0.06415577,0.06442613
31/08/2012,0.04489186,0.04268986,0.04475071,0.04526426,0.04818212,0.04970360,0.05079492,0.05396317,0.05867624,0.06247934,0.06500582,0.06501981
28/09/2012,0.04444457,0.04374514,0.04508214,0.04562734,0.04764664,0.04976608,0.05114654,0.05301134,0.05844414,0.06299144,0.06505081,0.06489902
31/10/2012,0.04362268,0.04523229,0.04602100,0.04694884,0.04990607,0.05091652,0.05220454,0.05450178,0.05932862,0.06307993,0.06541088,0.06543243
30/11/2012,0.04388871,0.04368943,0.04569757,0.04645875,0.04889355,0.05085515,0.05216239,0.05429948,0.05928747,0.06339532,0.06538782,0.06545515
31/12/2012,0.04092121,0.04243300,0.04494457,0.04539371,0.04896886,0.05123214,0.05142092,0.05373746,0.05798297,0.06200598,0.06378789,0.06410077
31/01/2013,0.04306600,0.04314271,0.04371657,0.04335137,0.04543426,0.04663390,0.04801085,0.05108862,0.05568867,0.05959995,0.06136645,0.06152581
28/02/2013,0.04179764,0.04142243,0.04196843,0.04180776,0.04451765,0.04662909,0.04801515,0.05059707,0.05490144,0.05836970,0.06010170,0.06029986
27/03/2013,0.03974271,0.03957386,0.04045100,0.04050610,0.04396681,0.04623922,0.04738523,0.04940303,0.05366579,0.05687557,0.05836675,0.05864258
30/04/2013,0.03862079,0.03729800,0.03782829,0.03774551,0.03997229,0.04130599,0.04282969,0.04488199,0.04803140,0.05106734,0.05278442,0.05303390
31/05/2013,0.04007050,0.03756957,0.03886371,0.04014420,0.04384806,0.04690270,0.05067839,0.05400868,0.05801159,0.06287295,0.06488469,0.06486595
28/06/2013,0.03962289,0.03884257,0.03962414,0.03984859,0.04441007,0.05207979,0.05564977,0.05805314,0.06292979,0.06826337,0.07070917,0.07070399
31/07/2013,0.03990886,0.03914300,0.03956500,0.04001330,0.04404731,0.05056486,0.05561031,0.05958159,0.06519880,0.06973600,0.07141458,0.07159397
30/08/2013,0.03858025,0.03909614,0.03964114,0.03978955,0.04670440,0.05423573,0.05940715,0.06327523,0.06798185,0.07261787,0.07465013,0.07490431
30/09/2013,0.03618846,0.03560871,0.03634214,0.03634435,0.04225980,0.04880162,0.05505300,0.06023775,0.06578789,0.07017913,0.07191753,0.07186129
31/10/2013,0.03551761,0.03416471,0.03553614,0.03577892,0.04355815,0.05060015,0.05481900,0.06044086,0.06658519,0.07158054,0.07322042,0.07334824
29/11/2013,0.03405471,0.03505543,0.03565471,0.03634784,0.04263560,0.05035657,0.05652054,0.06220447,0.06958659,0.07498236,0.07629898,0.07632090
31/12/2013,0.03208061,0.03465171,0.03545714,0.03687660,0.04449668,0.05436625,0.05915831,0.06425739,0.06930597,0.07413713,0.07547244,0.07563188
31/01/2014,0.03275546,0.03451186,0.03574014,0.03754580,0.04438058,0.05423291,0.06096508,0.06588159,0.07153668,0.07606989,0.07726058,0.07734654
28/02/2014,0.03233179,0.03309786,0.03495186,0.03655786,0.04356703,0.05271926,0.05829685,0.06279725,0.06787164,0.07176269,0.07307785,0.07345422
31/03/2014,0.03373239,0.03343271,0.03454529,0.03660293,0.04288464,0.05142567,0.05691400,0.06169144,0.06663359,0.06980466,0.07127240,0.07186356
30/04/2014,0.03279886,0.03447029,0.03509043,0.03636720,0.04331345,0.05159412,0.05694315,0.06174948,0.06715708,0.07048231,0.07258765,0.07299190
30/05/2014,0.03385654,0.03407329,0.03509886,0.03574100,0.04208147,0.04940284,0.05385739,0.05808526,0.06278834,0.06622020,0.06795162,0.06835624
30/06/2014,0.02896007,0.02864957,0.03008000,0.03093048,0.03756455,0.04691730,0.05246346,0.05645733,0.06161967,0.06404253,0.06661417,0.06699926
31/07/2014,0.02890311,0.02956686,0.02981171,0.02997529,0.03873275,0.04880967,0.05433039,0.05793135,0.06318025,0.06593678,0.06798128,0.06850392
29/08/2014,0.02776986,0.02871871,0.02957229,0.03008457,0.03947844,0.04802526,0.05334539,0.05686676,0.06214887,0.06455642,0.06573277,0.06614488
30/09/2014,0.02864696,0.02953743,0.03039414,0.03146896,0.04517287,0.05228258,0.05733200,0.06073148,0.06559291,0.06737156,0.06924452,0.06962888
31/10/2014,0.03010107,0.03001429,0.03007457,0.03140593,0.04245735,0.05017914,0.05574785,0.05875531,0.06472792,0.06648964,0.06764002,0.06808920
28/11/2014,0.03003582,0.03029629,0.03014014,0.03170181,0.04136258,0.04890695,0.05417623,0.05754960,0.06287093,0.06505269,0.06635212,0.06678888
31/12/2014,0.02664221,0.02956829,0.03033871,0.03255391,0.04365432,0.05208423,0.05600446,0.05816945,0.06278899,0.06443456,0.06527026,0.06557784
30/01/2015,0.02863836,0.02920814,0.02992643,0.03145709,0.03979633,0.04649773,0.04990954,0.05227846,0.05604254,0.05744003,0.05886906,0.05908318
27/02/2015,0.02961650,0.03015586,0.03157200,0.03376650,0.04478892,0.05108677,0.05412392,0.05645035,0.06023411,0.06148197,0.06234387,0.06269315
31/03/2015,0.03068037,0.03186746,0.03364668,0.03623340,0.04666087,0.05311819,0.05659373,0.05912579,0.06265944,0.06384906,0.06466067,0.06486833
30/04/2015,0.03001296,0.03061743,0.03135124,0.03367449,0.04624309,0.05283242,0.05678114,0.05929516,0.06265154,0.06374969,0.06529873,0.06550503
29/05/2015,0.03018959,0.03081159,0.03176462,0.03456521,0.04602530,0.05343432,0.05726224,0.06009737,0.06381481,0.06573621,0.06693770,0.06720745
30/06/2015,0.03016705,0.03127068,0.03258994,0.03492377,0.04575569,0.05313538,0.05829262,0.06088946,0.06481266,0.06709426,0.06826055,0.06850508
31/07/2015,0.03049469,0.03230290,0.03295890,0.03618530,0.04712713,0.05352139,0.05791563,0.06076341,0.06409000,0.06584776,0.06668880,0.06697560
31/08/2015,0.03072385,0.03411025,0.03501291,0.03682767,0.04871989,0.05392768,0.05825559,0.06106414,0.06423331,0.06587070,0.06686258,0.06709697
30/09/2015,0.03034960,0.03144206,0.03260595,0.03614845,0.04686029,0.05268841,0.05820028,0.06126185,0.06535627,0.06725949,0.06846493,0.06884572
30/10/2015,0.03017943,0.03139472,0.03310837,0.03519261,0.04633756,0.05267532,0.05744708,0.06109016,0.06464847,0.06645364,0.06755392,0.06791569
30/11/2015,0.03024652,0.03253415,0.03459888,0.03629459,0.04773623,0.05371111,0.05853010,0.06180029,0.06565603,0.06745538,0.06845272,0.06878318
31/12/2015,0.02990364,0.03265893,0.03538644,0.03660580,0.04782277,0.05568538,0.05953677,0.06215401,0.06634569,0.06844902,0.06922944,0.06952066
29/01/2016,0.03247024,0.03339436,0.03447959,0.03526457,0.04567269,0.05231082,0.05647020,0.05987883,0.06502872,0.06701206,0.06823219,0.06857642
29/02/2016,0.03905115,0.03995920,0.04085834,0.04124717,0.04976191,0.05493272,0.05804406,0.06085157,0.06535905,0.06725484,0.06845608,0.06874704
31/03/2016,0.03777441,0.03868939,0.03988010,0.04079624,0.04857120,0.05335733,0.05658266,0.05952880,0.06414991,0.06607867,0.06721373,0.06751350
29/04/2016,0.03797788,0.03846890,0.03881392,0.04030568,0.04737923,0.05225667,0.05575481,0.05871287,0.06281581,0.06413459,0.06490296,0.06514726
31/05/2016,0.03842598,0.04123531,0.04325590,0.04401516,0.05102713,0.05605583,0.05882137,0.06169208,0.06642741,0.06803284,0.06883430,0.06897816
30/06/2016,0.04233221,0.04308606,0.04394217,0.04428759,0.05137039,0.05461693,0.05700654,0.05922927,0.06314635,0.06410025,0.06474786,0.06492956
29/07/2016,0.04227694,0.04433301,0.04624117,0.04832950,0.05418529,0.05632922,0.05783497,0.05968189,0.06258896,0.06357178,0.06422741,0.06420257
31/08/2016,0.04333561,0.04401977,0.04578422,0.04713218,0.05374182,0.05590020,0.05686955,0.05866099,0.06148504,0.06286382,0.06356272,0.06355895
30/09/2016,0.04748472,0.04874750,0.04987555,0.05150957,0.05634255,0.05833180,0.05903602,0.06105637,0.06391450,0.06489575,0.06534101,0.06539362
31/10/2016,0.04794441,0.04929045,0.05044535,0.05151574,0.05722373,0.05992973,0.06108369,0.06298918,0.06625097,0.06727078,0.06767190,0.06771593
30/11/2016,0.05656900,0.05900314,0.06036496,0.06015163,0.06581721,0.06927191,0.07090669,0.07292578,0.07546911,0.07621270,0.07641773,0.07641402
30/12/2016,0.05844024,0.05996267,0.06268272,0.06438525,0.06958722,0.07206674,0.07307330,0.07506996,0.07750644,0.07857652,0.07848841,0.07819559
31/01/2017,0.05924663,0.06414997,0.06639741,0.06775947,0.06857561,0.07111585,0.07272839,0.07470828,0.07817784,0.07956826,0.07991063,0.07997953
28/02/2017,0.06327914,0.06460234,0.06630982,0.06793353,0.06972769,0.07135148,0.07244533,0.07465680,0.07725694,0.07854075,0.07888074,0.07896379
31/03/2017,0.06585150,0.06644539,0.06736459,0.06700647,0.06820488,0.06913717,0.06953402,0.07073949,0.07299680,0.07426396,0.07434933,0.07460624
28/04/2017,0.06619264,0.06750604,0.06859030,0.06895920,0.06954990,0.07045541,0.07096457,0.07196140,0.07436141,0.07563246,0.07586753,0.07607394
31/05/2017,0.06772956,0.07133879,0.07263231,0.07253806,0.07258556,0.07269070,0.07277421,0.07322864,0.07434727,0.07517454,0.07564666,0.07578184
30/06/2017,0.07124622,0.07137495,0.07135368,0.06935680,0.06585245,0.06619639,0.06702216,0.06797401,0.06992250,0.07180694,0.07279555,0.07292873
31/07/2017,0.07103292,0.07153995,0.07123814,0.07072193,0.06730088,0.06746299,0.06792415,0.06857976,0.07028507,0.07132846,0.07182517,0.07206756
31/08/2017,0.07040366,0.07164422,0.07158688,0.07047550,0.06749673,0.06758574,0.06770414,0.06839667,0.07041366,0.07167982,0.07203433,0.07226232
29/09/2017,0.07117499,0.07107365,0.07120890,0.07003789,0.06690882,0.06699341,0.06729118,0.06862079,0.07060588,0.07158558,0.07199624,0.07221724
31/10/2017,0.07129566,0.07180610,0.07200076,0.07149214,0.07000877,0.07046202,0.07091254,0.07248743,0.07378746,0.07489435,0.07544960,0.07566301
30/11/2017,0.07076032,0.07226095,0.07260515,0.07195364,0.07083408,0.07127059,0.07149203,0.07281480,0.07410907,0.07530538,0.07558346,0.07578535
29/12/2017,0.07324074,0.07409743,0.07504192,0.07465564,0.07575467,0.07594614,0.07597115,0.07649443,0.07713699,0.07753339,0.07768394,0.07778376
31/01/2018,0.07516965,0.07513548,0.07508422,0.07498169,0.07461978,0.07477692,0.07492198,0.07605220,0.07696766,0.07763681,0.07789643,0.07809209
28/02/2018,0.07750424,0.07735890,0.07714090,0.07670489,0.07510000,0.07518718,0.07554220,0.07634973,0.07747645,0.07834945,0.07869505,0.07899275
28/03/2018,0.07735188,0.07689132,0.07620048,0.07481879,0.07185055,0.07194872,0.07208352,0.07323516,0.07477049,0.07581319,0.07600066,0.07629736
30/04/2018,0.07692954,0.07645495,0.07574306,0.07431928,0.07315907,0.07355476,0.07356769,0.07491497,0.07574670,0.07631566,0.07640610,0.07669894
31/05/2018,0.07820307,0.07799856,0.07769180,0.07707828,0.07712143,0.07790000,0.07763077,0.07794258,0.07845400,0.07896209,0.07910000,0.07909797
29/06/2018,0.08073739,0.08039690,0.07988617,0.07886471,0.07700330,0.07676850,0.07580000,0.07594657,0.07630722,0.07670000,0.07700533,0.07709623
31/07/2018,0.08014475,0.07986978,0.07945733,0.07863243,0.07801923,0.07737033,0.07730000,0.07755096,0.07812449,0.07861140,0.07860709,0.07869534
31/08/2018,0.07969795,0.07957466,0.07938973,0.07901986,0.07867253,0.07847729,0.07855297,0.07911044,0.07961711,0.07987473,0.08001758,0.08019319
28/09/2018,0.08031937,0.07886529,0.07864215,0.07819587,0.07715165,0.07746484,0.07810000,0.07943626,0.08052527,0.08095714,0.08111033,0.08118879
31/10/2018,0.07963945,0.08021570,0.08177769,0.08490165,0.08678846,0.08714231,0.08785758,0.08895440,0.08981672,0.09023242,0.09058786,0.09048222
30/11/2018,0.08174518,0.08225758,0.08302617,0.08456336,0.08737637,0.08932747,0.09049692,0.09214492,0.09478548,0.09622335,0.09671379,0.09676452
31/12/2018,0.08419542,0.08432963,0.08453093,0.08490820,0.08489341,0.08519817,0.08644462,0.08658791,0.08777692,0.08886593,0.08923802,0.08887352
31/01/2019,0.08443193,0.08419279,0.08383408,0.08302350,0.08167967,0.08183187,0.08304615,0.08448613,0.08616452,0.08709148,0.08725159,0.08747345
28/02/2019,0.08457132,0.08375773,0.08253734,0.08057432,0.07999286,0.07991566,0.08072615,0.08232074,0.08464592,0.08699670,0.08723747,0.08735533
29/03/2019,0.08403236,0.08296654,0.08136781,0.07859290,0.07799670,0.07829451,0.07937429,0.08078846,0.08290047,0.08420357,0.08444066,0.08458200
30/04/2019,0.08446409,0.08364437,0.08241479,0.07973443,0.07930000,0.07942967,0.08042088,0.08143077,0.08340816,0.08450797,0.08476626,0.08496522
31/05/2019,0.08468439,0.08410473,0.08323525,0.08046940,0.07892747,0.07861832,0.07947692,0.08065632,0.08245981,0.08381223,0.08411896,0.08446319
28/06/2019,0.08378732,0.08264585,0.08090929,0.07730934,0.07359890,0.07346484,0.07412000,0.07537596,0.07663964,0.07792411,0.07822533,0.07826045
31/07/2019,0.08387145,0.08225701,0.07981585,0.07571319,0.07222637,0.07260000,0.07359516,0.07500769,0.07646295,0.07842060,0.07865429,0.07875333
30/08/2019,0.08224908,0.07900326,0.07548087,0.07113242,0.06848791,0.06857582,0.06912396,0.06965742,0.07191978,0.07396181,0.07448637,0.07465254
30/09/2019,0.07879914,0.07424262,0.07045574,0.06701154,0.06680000,0.06699853,0.06780242,0.06880426,0.07105385,0.07268695,0.07329148,0.07346309
31/10/2019,0.07584472,0.07193661,0.06741202,0.06520000,0.06468755,0.06573187,0.06666769,0.06762363,0.06931994,0.07069973,0.07129659,0.07145542
29/11/2019,0.07509508,0.07207869,0.06755410,0.06711731,0.06808755,0.06946374,0.07005495,0.07085316,0.07185416,0.07289306,0.07333379,0.07335194
31/12/2019,0.07288250,0.07004829,0.06663736,0.06703297,0.06729231,0.06749890,0.06804813,0.06856635,0.06957425,0.07142486,0.07193555,0.07194178
31/01/2020,0.07263016,0.06820066,0.06515275,0.06535055,0.06524176,0.06511978,0.06559451,0.06623187,0.06719529,0.06896882,0.06923725,0.06924950
28/02/2020,0.07057617,0.06597387,0.06506703,0.06546264,0.06613590,0.06662747,0.06771297,0.06849066,0.06931978,0.07147459,0.07177758,0.07184366
31/03/2020,0.06497967,0.06100000,0.06100000,0.06100000,0.06232308,0.06545714,0.06845055,0.07141923,0.07370989,0.07848942,0.07912165,0.07918117
30/04/2020,0.05625561,0.05397582,0.05355549,0.05271484,0.05273553,0.05603846,0.06123077,0.06690082,0.07095275,0.07560769,0.07676879,0.07686643
29/05/2020,0.05329725,0.05293462,0.05239066,0.05130275,0.05184505,0.05472220,0.05827473,0.06223984,0.06592459,0.06916003,0.07053137,0.07058951
30/06/2020,0.05104505,0.05019837,0.04892836,0.04659176,0.04681538,0.04989341,0.05454264,0.05932500,0.06324863,0.06766621,0.06936440,0.06971039
31/07/2020,0.05106098,0.04982274,0.04796539,0.04509890,0.04691429,0.05075802,0.05438764,0.05843297,0.06264890,0.06653791,0.06826703,0.06885415
31/08/2020,0.04621428,0.04576030,0.04507933,0.04434231,0.04702747,0.05122835,0.05551841,0.05963516,0.06420192,0.06803867,0.06963852,0.07014267
30/09/2020,0.04329099,0.04334722,0.04343158,0.04355879,0.04662234,0.05146000,0.05546484,0.06003283,0.06497212,0.06907370,0.07070725,0.07124231
30/10/2020,0.04331818,0.04321926,0.04307089,0.04360220,0.04771172,0.05309758,0.05768118,0.06215234,0.06718640,0.07092534,0.07232253,0.07272960
30/11/2020,0.04441145,0.04403684,0.04347492,0.04340000,0.04590330,0.04983516,0.05331429,0.05710330,0.06216923,0.06693255,0.06864747,0.06915215
31/12/2020,0.04386725,0.04342423,0.04282692,0.04222802,0.04433297,0.04696374,0.05059712,0.05468214,0.05945893,0.06352706,0.06516791,0.06568414
29/01/2021,0.04374448,0.04283596,0.04193626,0.04117473,0.04301136,0.04617824,0.04988077,0.05514945,0.06091566,0.06540673,0.06712978,0.06755428
26/02/2021,0.04058416,0.04011052,0.04020879,0.04082527,0.04472198,0.05116066,0.05623846,0.06174725,0.06729698,0.07024821,0.07137033,0.07163694
31/03/2021,0.04205907,0.04202967,0.04311758,0.04541099,0.05404286,0.05930000,0.06327404,0.06770357,0.07236909,0.07599045,0.07738484,0.07760075
30/04/2021,0.04146780,0.04213846,0.04312747,0.04585824,0.05359560,0.05962418,0.06433984,0.06873297,0.07310027,0.07731284,0.07856027,0.07880636
31/05/2021,0.04101758,0.04213846,0.04381978,0.04681978,0.05553040,0.06106769,0.06374299,0.06628352,0.07039437,0.07442946,0.07551033,0.07572258
30/06/2021,0.04374045,0.04599479,0.04917473,0.05361722,0.06055751,0.06436000,0.06742253,0.06976978,0.07203407,0.07489190,0.07529681,0.07529635
30/07/2021,0.04531623,0.04765962,0.05043407,0.05398755,0.06103700,0.06500527,0.06735440,0.06881805,0.07242527,0.07556264,0.07627077,0.07643819
31/08/2021,0.04700969,0.04820138,0.05015824,0.05300000,0.06083077,0.06573978,0.06834835,0.06986264,0.07279231,0.07541319,0.07601407,0.07613817
30/09/2021,0.04902099,0.04969451,0.05191978,0.05555934,0.06542967,0.06985302,0.07200769,0.07366782,0.07578571,0.07812940,0.07883593,0.07907841
29/10/2021,0.05092348,0.05378846,0.05799176,0.06220806,0.07071648,0.07313187,0.07415865,0.07495549,0.07637514,0.07896669,0.07921676,0.07920029
30/11/2021,0.05196538,0.05443791,0.05814670,0.06132381,0.07113077,0.07260330,0.07369918,0.07497308,0.07632418,0.07907555,0.07957005,0.07961860
31/12/2021,0.05638174,0.05892863,0.06217839,0.06468388,0.07282088,0.07385330,0.07449670,0.07577724,0.07715302,0.08008118,0.08055143,0.08045731
31/01/2022,0.05763309,0.06106758,0.06455165,0.06896923,0.07498022,0.07532033,0.07559217,0.07676122,0.07739712,0.07958516,0.07980000,0.07964087
28/02/2022,0.06210038,0.06412823,0.06713333,0.07313333,0.07842418,0.07849176,0.07881140,0.07960502,0.08112308,0.08242548,0.08275791,0.08267065
31/03/2022,0.06732681,0.06914505,0.07339780,0.08119963,0.08329753,0.08350000,0.08298077,0.08240000,0.08252857,0.08351758,0.08370000,0.08354204
29/04/2022,0.06930541,0.07300769,0.07834835,0.08678864,0.09088956,0.09083626,0.09057157,0.09095549,0.09150000,0.09213352,0.09230000,0.09212366
31/05/2022,0.07290000,0.07661429,0.08218571,0.08921429,0.09029231,0.08789121,0.08703558,0.08620000,0.08672418,0.08796971,0.08818401,0.08804080
30/06/2022,0.08101158,0.08425170,0.08911187,0.09327692,0.09354505,0.09149863,0.09050962,0.09022708,0.09023750,0.09088345,0.09072868,0.09084706
29/07/2022,0.08153966,0.08522681,0.09075754,0.09334982,0.08792033,0.08588764,0.08559396,0.08545871,0.08568352,0.08694176,0.08665099,0.08667492
31/08/2022,0.08990714,0.09279196,0.09711920,0.09903223,0.09410989,0.09086538,0.09048489,0.09033195,0.08968159,0.09013688,0.08965467,0.08921753
30/09/2022,0.09692299,0.09982007,0.10342711,0.10547106,0.10089231,0.09711058,0.09648832,0.09640000,0.09643228,0.09632047,0.09630000,0.09622207
31/10/2022,0.09664604,0.10092117,0.10431648,0.10649231,0.10064588,0.09821703,0.09831593,0.09851020,0.09955577,0.10000000,0.09972275,0.09946178
30/11/2022,0.10387155,0.10572238,0.10629670,0.10695604,0.09745522,0.09248846,0.09172005,0.09191727,0.09208132,0.09191813,0.09152374,0.09109580
30/12/2022,0.10796146,0.10737692,0.10770659,0.10780549,0.09385769,0.09077473,0.09055495,0.09053516,0.09057912,0.09099203,0.09071286,0.09053545
31/1/2023,0.10754476,0.10757179,0.10803333,0.10745458,0.09310962,0.08799560,0.08674286,0.08683077,0.08709341,0.08769643,0.08779747,0.08771620
28/2/2023,0.10733077,0.10970440,0.11326484,0.11638571,0.10424423,0.09705989,0.09408132,0.09324231,0.09252418,0.09309934,0.09250593,0.09250000
31/3/2023,0.11580910,0.11529079,0.11451333,0.11126484,0.09537637,0.08890893,0.08810000,0.08844011,0.08908832,0.09080181,0.09089814,0.09064013
28/4/2023,0.11658026,0.11546723,0.11379767,0.11159487,0.09513022,0.08911786,0.08764052,0.08770000,0.08926703,0.09078995,0.09050979,0.09093980
31/5/2023,0.11711392,0.11557120,0.11325712,0.11063370,0.09551978,0.08978462,0.08790000,0.08780659,0.08918187,0.09047418,0.09000707,0.09017907
30/6/2023,0.11581591,0.11465472,0.11296300,0.10993004,0.09466758,0.08874148,0.08700330,0.08670247,0.08734670,0.08858637,0.08840994,0.08858194
31/7/2023,0.11552502,0.11441895,0.11272857,0.10930000,0.09558242,0.09016415,0.08830000,0.08799286,0.08829231,0.08888297,0.08870645,0.08879245
31/8/2023,0.11654681,0.11624080,0.11481832,0.11178535,0.09981044,0.09519058,0.09358462,0.09279194,0.09371786,0.09390802,0.09313966,0.09356966
29/9/2023,0.11603419,0.11589231,0.11543077,0.11355165,0.10477912,0.10169560,0.09920000,0.09868663,0.09934052,0.09969368,0.09888137,0.09870936
31/10/2023,0.11621564,0.11598352,0.11578571,0.11390659,0.10577692,0.10265557,0.10193036,0.10170385,0.10146003,0.10131857,0.10081085,0.10089685
30/11/2023,0.11367143,0.11281429,0.11152857,0.10922088,0.09728571,0.09414458,0.09352115,0.09375055,0.09442637,0.09450000,0.09450000,0.09450000
29/12/2023,0.11681943,0.11488655,0.11198724,0.10507692,0.09440055,0.09087943,0.08940000,0.08943004,0.09033736,0.09080000,0.09078634,0.09070033
31/1/2024,0.11539867,0.11425016,0.11252739,0.10401209,0.09461209,0.09158462,0.09107871,0.09147216,0.09259176,0.09264412,0.09244572,0.09269947
29/2/2024,0.11539017,0.11422407,0.11247492,0.10188791,0.09490275,0.09258901,0.09161731,0.09160000,0.09211154,0.09282022,0.09293325,0.09309714
27/3/2024,0.11391923,0.11277413,0.11104396,0.10528022,0.09440000,0.09290000,0.09255920,0.09253901,0.09343152,0.09425659,0.09417167,0.09449394
30/4/2024,0.11363710,0.11300214,0.11231429,0.10849011,0.10340769,0.10101319,0.10015357,0.09964744,0.09984087,0.10035857,0.09995862,0.10019656
31/5/2024,0.11377966,0.11343967,0.11230549,0.10573352,0.10153956,0.09882857,0.09831401,0.09758352,0.09803984,0.09839890,0.09810000,0.09809530
28/6/2024,0.11335752,0.11195385,0.11017363,0.10502885,0.10198116,0.09959753,0.09870742,0.09853663,0.09954945,0.10000000,0.10000000,0.09998807
31/7/2024,0.11248085,0.11208132,0.10833077,0.10550495,0.09865275,0.09759519,0.09750742,0.09770000,0.09893372,0.09990000,0.09987606,0.09978230
30/8/2024,0.10943077,0.10850769,0.10347473,0.10210220,0.09691146,0.09635536,0.09593132,0.09637491,0.09854169,0.10000000,0.10002537,0.10007182
30/9/2024,0.10741394,0.10499341,0.10280714,0.09895000,0.09119796,0.09151319,0.09174505,0.09320293,0.09532692,0.09693604,0.09685370,0.09696501
31/10/2024,0.10695788,0.10662088,0.10597308,0.10355000,0.09889074,0.09908255,0.09924519,0.10067253,0.10191408,0.10330000,0.10332833,0.10335856
29/11/2024,0.10235714,0.10150000,0.10025989,0.09778736,0.09526641,0.09695000,0.09778462,0.09899158,0.10069121,0.10274110,0.10305944,0.10314282
31/12/2024,0.10230989,0.09949698,0.09912610,0.09838434,0.09891795,0.09988077,0.10084505,0.10414872,0.10576264,0.10718516,0.10762499,0.10783197
31/1/2025,0.09753598,0.09621538,0.09527582,0.09339670,0.09531465,0.09691978,0.09842170,0.10079299,0.10314464,0.10517747,0.10546364,0.10572540
28/2/2025,0.09450549,0.09326923,0.09141484,0.08770604,0.09048132,0.09252381,0.09336113,0.09477527,0.09756793,0.09956110,0.09993626,0.10012533
31/3/2025,0.09217336,0.09087756,0.08893387,0.08536154,0.08713929,0.08921099,0.09097885,0.09342088,0.09722115,0.09916791,0.09943555,0.09940911
30/4/2025,0.09191463,0.09008353,0.08733687,0.08278352,0.08467170,0.08822308,0.09077143,0.09347280,0.09797995,0.09963088,0.09987396,0.09990465
30/5/2025,0.08680461,0.08564687,0.08391027,0.08177747,0.08452115,0.08824286,0.09032390,0.09325604,0.09812308,0.10018110,0.10040000,0.10028854
30/6/2025,0.08295874,0.08247468,0.08174860,0.08083077,0.08394286,0.08653209,0.08859011,0.09173407,0.09630721,0.09808187,0.09836011,0.09818580
31/7/2025,0.08201961,0.08153204,0.08080067,0.07971429,0.08470467,0.08770703,0.09000769,0.09303978,0.09719341,0.09899209,0.09930000,0.09917824
29/8/2025,0.07956770,0.07874452,0.07750976,0.07683297,0.08116593,0.08374000,0.08576140,0.08879802,0.09329808,0.09535192,0.09578552,0.09578057
30/9/2025,0.07925205,0.07756060,0.07559451,0.07490000,0.07923846,0.08247187,0.08430673,0.08728154,0.09121820,0.09300813,0.09324429,0.09318810
31/10/2025,0.07627078,0.07357344,0.07169780,0.07175714,0.07799670,0.08196637,0.08435911,0.08771099,0.09235797,0.09370747,0.09366269,0.09389682
28/11/2025,0.07503286,0.07321239,0.07217912,0.07231264,0.07875137,0.08303143,0.08558719,0.08845802,0.09196387,0.09300000,0.09300000,0.09299399
31/12/2025,0.07356765,0.07231429,0.07201758,0.07361648,0.08059890,0.08504615,0.08755493,0.09056571,0.09402054,0.09487126,0.09500000,0.09519031
30/1/2026,0.07207200,0.07137692,0.07053626,0.07146593,0.07845769,0.08275824,0.08542463,0.08830725,0.09169588,0.09275874,0.09280000,0.09318994
27/2/2026,0.07143626,0.07077692,0.06978791,0.06913297,0.07473681,0.07983429,0.08299212,0.08641802,0.09037919,0.09138082,0.09144854,0.09148641
31/3/2026,0.07036765,0.06962115,0.06911648,0.07192527,0.08398462,0.08830110,0.09056256,0.09296000,0.09709396,0.09813797,0.09804701,0.09818707
30/4/2026,0.06957534,0.06890325,0.06841099,0.06974286,0.08168352,0.08647033,0.08979828,0.09209414,0.09591951,0.09699104,0.09704558,0.09708087
29/5/2026,0.06647246,0.06622847,0.06578956,0.06832637,0.08026264,0.08529143,0.08945764,0.09175055,0.09524341,0.09619582,0.09630000,0.09637731
30/6/2026,0.06691105,0.06646484,0.06705824,0.07024652,0.07964872,0.08434099,0.08769409,0.09022821,0.09424313,0.09533516,0.09555733,0.09587770
31/7/2026,0.06633520,0.06654615,0.06694176,0.06834542,0.07989341,0.08527578,0.08927436,0.09182088,0.09585900,0.09663747,0.09681763,0.09675929
31/8/2026,0.06560385,0.06583462,0.06618077,0.06816154,0.07974139,0.08580683,0.08973077,0.09284725,0.09679519,0.09761132,0.09782059,0.09786557
30/9/2026,0.06744314,0.06771043,0.06780769,0.07055714,0.08279194,0.08875217,0.09332967,0.0961,0.1001967,0.10144879,0.10182346,0.10196238